author;picture_url;category;title;content
Sophie Dubois;https://randomuser.me/api/portraits/women/44.jpg;Développement Web;Python et Django : Le duo parfait pour un Backend Robuste;"Python, avec sa syntaxe claire et lisible, s'est imposé comme le langage de prédilection pour de nombreux développeurs. Associé au framework Django, il offre une solution complète pour bâtir des applications web complexes, sécurisées et évolutives. Cet article explore pourquoi la combinaison Python/Django est idéale pour les projets nécessitant rapidité de développement et fiabilité. Nous aborderons les 'batteries incluses' de Django, de l'ORM à l'interface d'administration, qui accélèrent considérablement le cycle de vie des projets."
Marc Lefevre;https://randomuser.me/api/portraits/men/29.jpg;Cybersécurité;Les 5 Erreurs Communes en Sécurité des API et Comment les Éviter;"Les API sont le cœur battant des applications modernes, mais elles sont aussi une cible privilégiée pour les attaques. Cet article détaille les erreurs de sécurité les plus fréquentes : de l'absence de limitation de débit (rate limiting) à la mauvaise gestion des jetons d'authentification (tokens). Nous vous donnerons des conseils pratiques pour sécuriser vos endpoints, notamment l'utilisation du protocole OAuth 2.0 et une validation stricte des entrées pour prévenir les injections."
Aïcha Benali;https://randomuser.me/api/portraits/women/67.jpg;Infrastructure & DevOps;Kubernetes Simplifié : Démarrer son Premier Cluster en Moins d'une Heure;"Le déploiement et la gestion des applications conteneurisées peuvent sembler intimidants. Kubernetes est l'orchestrateur de facto, mais sa courbe d'apprentissage est raide. Nous allons décomposer les étapes essentielles pour lancer un cluster de base (avec Minikube ou K3s), en expliquant les concepts clés : Pods, Services, Deployments et Ingress. Cet article est un guide pratique pour passer de zéro à la première application conteneurisée fonctionnelle."
David Keller;https://randomuser.me/api/portraits/men/78.jpg;Intelligence Artificielle;Introduction aux Frameworks d'IA : TensorFlow vs PyTorch pour les Développeurs;"Le domaine de l'Intelligence Artificielle est en pleine effervescence. Mais par où commencer ? Cet article compare les deux géants des frameworks de Deep Learning : TensorFlow et PyTorch. Nous examinerons leurs forces, leurs faiblesses, et dans quel contexte l'un est préférable à l'autre (production vs recherche). Un aperçu rapide de l'installation et de l'exécution d'un modèle simple sera inclus."
Clara Moreau;https://randomuser.me/api/portraits/women/12.jpg;Gestion de Projet;Télétravail : Maintenir la Culture d'Équipe dans un Environnement Distant;"Le télétravail apporte une flexibilité incroyable, mais peut fragiliser le sentiment de collectif. Comment une entreprise comme Advens, avec une culture forte, maintient-elle la cohésion ? Cet article explore des stratégies concrètes : l'importance des outils de communication asynchrone, l'organisation de moments informels virtuels (café ou apéros en ligne) et la nécessité d'une transparence totale sur les objectifs de l'entreprise."
Nicolas Martin;https://randomuser.me/api/portraits/men/55.jpg;Bases de Données;SQL vs NoSQL : Quand Choisir MongoDB Plutôt que PostgreSQL ?;"Le choix de la base de données est crucial pour la performance d'une application. Faut-il opter pour le relationnel (SQL) ou le non-relationnel (NoSQL) ? Nous mettons en lumière les cas d'usage optimaux pour des bases comme MongoDB (document) face à des solutions classiques. L'article se concentre sur la flexibilité du schéma de MongoDB pour les données non structurées et sur les scénarios où la cohérence forte de SQL reste indispensable."
Émilie Blanc;https://randomuser.me/api/portraits/women/91.jpg;Open Source;L'Impact : Pourquoi Contribuer à la Communauté Open Source ?;"De nombreux outils fondamentaux de la tech (Linux, Python, Kubernetes) sont issus de l'Open Source. Contribuer, même modestement, est un acte d'engagement fort. Cet article explique l'intérêt d'une telle démarche pour les développeurs : améliorer ses compétences, construire sa réputation professionnelle et participer à des projets à Impact. Conseils pour faire votre première pull request."
Karim Zaoui;https://randomuser.me/api/portraits/men/32.jpg;Technologies de Recherche;Maîtriser l'Analyse de Logs avec Elasticsearch (ELK Stack);"La capacité à analyser de grands volumes de données de logs en temps réel est essentielle pour la détection des menaces et le débogage. Cet article sert d'introduction à la 'Stack ELK' (Elasticsearch, Logstash, Kibana). Nous détaillerons comment centraliser, indexer et visualiser des logs pour identifier rapidement des anomalies de sécurité ou des goulots d'étranglement de performance."
Laura Vincent;https://randomuser.me/api/portraits/women/58.jpg;Méthodologies;L'Audace de l'Agilité : Les Principes d'une Équipe de Développement Vraiment Agile;"Le mot 'Agile' est souvent galvaudé. Cet article revient aux fondamentaux du Manifeste Agile. Il explore comment des équipes techniques peuvent adopter une Audace constructive dans la planification, en privilégiant l'adaptabilité sur la rigidité. Nous insisterons sur l'importance des boucles de feedback courtes, de la collaboration quotidienne et du rôle clé du Product Owner pour un alignement constant sur la valeur."
Julien Dubois;https://randomuser.me/api/portraits/men/11.jpg;Cybersécurité;Threat Intelligence : Transformer les Données Brutes en Décisions de Sécurité;"La Threat Intelligence (TI) est plus que la simple collecte d'informations. C'est l'art de donner du sens aux indicateurs de compromission pour anticiper les attaques. Cet article explore comment les entreprises intègrent des flux de TI pour alimenter leurs moteurs de détection, leurs scanners de sécurité et leurs outils d'analyse de malwares, permettant une défense proactive et non plus seulement réactive."